code,program_id,zone,name,description,detail,competencies
WWE43Z,NB26-006,F,AI 티 소믈리에,한남대학교 문화예술대학원 음료문화경영학과,"QR로 AI 맞춤 차를 찾아보고, 블렌딩 차와 음식을 함께 맛보며 티 소믈리에의 일을 경험합니다.",empathy;analysis;self_understanding
9ANVX6,NB26-007,F,만능 집게 만들기,카이스트 총장장학생(KPF),"재료의 비율을 바꿔 만능 집게를 직접 만들고, 다양한 물체를 들어 올리는 미션에 도전합니다.",analysis;thinking;creativity
8TBRR5,NB26-008,F,로봇팔 미션,충남대학교 메카트로닉스공학과,"컨트롤러로 로봇팔을 움직여 목표물을 집어 옮기며, 로봇의 제어 원리를 경험합니다.",challenge;analysis;thinking
6TNE49,NB26-009,F,항공기 개발자,M042 · 충남대학교,항공기를 개발하는 사람이 맡는 일과 필요한 기술을 살펴보며 항공 분야의 진로를 탐색합니다.,challenge;analysis;thinking
AAEH9X,NB26-010,F,반도체 설계 연구원,M042 · 충남대학교,반도체를 설계하는 연구원이 맡는 일과 연구 분야를 살펴보며 관련 직업을 알아봅니다.,planning;analysis;thinking
4XRNXN,NB26-011,F,신약 개발자,M042 · 충남대학교,새로운 의약품이 연구·개발되는 과정을 주제로 신약 개발자의 역할을 알아봅니다.,challenge;analysis;thinking
MJ5MDM,NB26-012,F,소프트웨어 개발자,M042 · 충남대학교,AI와 소프트웨어가 연결되는 개발 분야를 살펴보고 개발자가 맡는 일을 알아봅니다.,planning;thinking;creativity
CFAH8Q,NB26-013,F,로켓 연구원,M042 · 충남대학교,로켓과 우주기술을 연구원이 맡는 일과 연구 분야를 살펴보며 관련 직업을 알아봅니다..,planning;challenge;analysis
VXCH28,NB26-015,F,VR·AR 공간 체험,국제메타미디어콘텐츠협동조합,VR로 가상 공간을 둘러보고 AR로 현실에 정보를 더하는 방식을 알아봅니다.,challenge;self_understanding;creativity
JBADCC,NB26-016,F,비행기 만들기,국제메타미디어콘텐츠협동조합,비행기가 뜨는 양력의 원리를 알아보고 직접 비행기를 만들어보는 활동입니다.,challenge;analysis;creativity
GANZCW,NB26-017,F,드론 시뮬레이터,건양대학교 유무인항공학과,드론 조종 시뮬레이터에서 비행을 직접 제어하며 지형과 상황을 판단해봅니다.,challenge;thinking;judgment
2NYB42,NB26-019,F,심장 정보와 건강 AI,건양대학교 의료IT공학과,심장 건강에 관한 정보를 살펴보고 AI가 건강관리에 활용되는 사례를 알아봅니다.,analysis;thinking;self_understanding
ZKJ426,NB26-020,F,조도센서 스마트 램프,충남대학교 생활과학교실 · 대전과학문화거점센터,전자부품을 연결하고 램프를 조립해 주변 밝기에 따라 불이 켜지는지 확인합니다.,planning;challenge;thinking
J635FQ,NB26-021,F,AR 세포 티코스터,충남대학교 생활과학교실 · 대전과학문화거점센터,"동물·식물 세포를 그려 컵받침을 만들고, 태블릿 AR로 세포 구조를 관찰합니다.",analysis;communication;creativity
FWAXHH,NB26-022,F,돈 만드는 사람들,한국조폐공사,화폐 속 위변조 방지 기술을 살펴보고 실제 화폐를 만드는 일을 알아봅니다.,analysis;thinking;judgment
CSFZYV,NB26-023,F,곤충 생태 디오라마,농업회사법인 주식회사 한국곤충교육연구소,곤충의 서식 환경을 주제로 입체 디오라마를 만듭니다.,planning;self_understanding;creativity
D8XRRK,NB26-024,F,SMART100 브릭,한국원자력연구원,SMART100 브릭 모형을 만들며 차세대 원자력 기술을 경험합니다.,analysis;thinking;creativity
UKQ7GB,NB26-025,F,구름의 원리 탐구,대전지방기상청 · 기상기후인재개발원,구름이 생겨나는 원리를 살펴보며 날씨와 기상을 연구하는 일을 알아봅니다.,analysis;thinking;self_understanding
HVXV5H,NB26-026,F,반도체 창업 체험,동아마이스터고등학교,반도체 회로를 구성하고 작동을 확인한 뒤 나만의 반도체 목걸이를 만듭니다.,analysis;self_understanding;creativity
WMDBQW,NB26-027,F,AI 향기 연구소,주식회사 디지털센트,키오스크에서 향 취향을 고르고 AI 조향 결과를 조정해 나만의 향을 완성합니다.,self_understanding;creativity;judgment
4U6RQJ,NB26-028,F,AI 앱 만들기,㈜유소년교육연구소,만들고 싶은 앱을 직접 기획하고 AI와 함께 웹앱을 제작해 실행해봅니다.,challenge;creativity;collaboration
KZFU8B,NB26-029,F,나의 아이디어와 특허,충남대학교 지식재산전문인력양성사업단,자신의 아이디어가 특허와 연결되는 과정을 알아보며 지식재산의 역할을 탐색합니다.,thinking;communication;creativity
CHCF8K,NB26-030,C,스피치ON 미션,주식회사 드림에듀온,"낱말 카드를 골라 두 문장을 구성하고, 연결어를 활용해 자연스럽게 말해봅니다.",communication
WZ8VA7,NB26-031,C,창의ON 미션,주식회사 드림에듀온,"생활용품의 모양과 쓰임을 관찰하고, 기존과 다른 새로운 활용 방법을 제안합니다.",creativity
NXZ5FT,NB26-037,C,탐구ON 미션,주식회사 드림에듀온,"사건 자료와 진술을 비교한 뒤, 근거를 골라 사건의 범인을 추리해봅니다.",analysis
SR885Q,NB26-038,C,도전ON 미션,주식회사 드림에듀온,"도구로 종이컵 탑을 쌓고, 첫 시도의 문제점을 바꿔 한 번 더 도전합니다.",challenge
SFCBMT,NB26-039,C,마음ON 미션,주식회사 드림에듀온,친구의 고민을 읽고 감정을 골라 상대방의 마음을 헤아리는 말을 적어봅니다.,empathy
C4NVQA,NB26-040,C,함께ON 미션,주식회사 드림에듀온,여러 명이 역할과 신호를 정하고 하나의 협동펜을 움직여 문구를 완성합니다.,collaboration
S9WJGC,NB26-041,C,해결ON 미션,주식회사 드림에듀온,매장 자료와 고객 의견을 살펴보고 100포인트 예산으로 개선 방법을 골라봅니다.,thinking
VVAS3S,NB26-042,C,선택ON 미션,주식회사 드림에듀온,"이어지는 상황에서 A와 B 중 하나를 고르고, 선택의 이유를 돌아봅니다.",judgment
A7GWZS,NB26-043,C,발견ON 미션,주식회사 드림에듀온,평소의 행동과 경험을 살펴보고 나의 대표 강점과 활용 방향을 찾아봅니다.,self_understanding
ZMF4EK,NB26-044,C,성장ON 미션,주식회사 드림에듀온,공부·건강·관계·습관 중 실천할 행동을 골라 100레벨 계획을 세워봅니다.,planning
UVDKSH,NB26-045,L,대한민국 특전사,특수전사령부,특수전 임무를 수행하는 특전사의 역할을 살펴보며 군 분야의 직업을 알아봅니다.,challenge;judgment;collaboration
V2Z6BK,NB26-046,L,해군 직무 알아보기,대한민국 해군,해군의 임무와 다양한 직무에 관한 설명을 듣고 관련 진로를 살펴봅니다.,challenge;self_understanding;collaboration
P8Z8XE,NB26-047,L,해병대 직업 체험,대한민국 해병대,해병대가 수행하는 임무와 맡는 역할을 살펴보며 군 분야의 진로를 알아봅니다.,challenge;self_understanding;collaboration
DCZ5Y2,NB26-048,L,제복의 가치,대전지방보훈청,제복근무자의 헌신을 알아보고 퀴즈나 메시지로 감사의 마음을 표현합니다.,empathy;communication;collaboration
44RDCD,NB26-049,L,심폐소생술 체험,대전유성소방서,심폐소생술의 기본 원리와 응급 상황에서 필요한 대응 방법을 알아봅니다.,thinking;judgment;collaboration
W3B4MU,NB26-050,L,슬기로운 교도관 체험,대전지방교정청,교정 장비를 체험하고 교정공무원에게 질문하며 업무와 직무를 알아봅니다.,challenge;communication;self_understanding
CFUTGD,NB26-051,L,K-water 물드림캠프,한국수자원공사 인재개발원,물을 관리하는 공공서비스를 주제로 수자원 분야의 다양한 업무를 알아봅니다.,analysis;thinking;collaboration
AC8ETG,NB26-052,L,향기석고 채색,디아나향기교습소,향기석고를 직접 채색하며 색을 선택하고 장식품을 꾸며보는 공예 활동입니다.,self_understanding;creativity;judgment
84YDZS,NB26-059,L,커피박·자개 공예,감성공방,커피박 소재의 달항아리에 자개 조각을 배치해 나만의 장식품을 완성합니다.,self_understanding;creativity;judgment
GFAHV2,NB26-060,L,펀치니들 동물 키링,작은작업실 포코코,동물 도안을 고르고 펀치니들로 실을 채워 나만의 동물 키링을 만듭니다.,thinking;self_understanding;creativity
2TUAWF,NB26-062,L,한복 방향제 만들기,플라토비,한복 모양의 재료를 고르고 직접 조립해 향기 방향제를 완성해봅니다.,planning;empathy;creativity
UTHWCD,NB26-063,L,소목장 목공 체험,대전세종목공학교,전통 목공의 쓰임을 살펴보고 목재를 이용한 제작 활동을 경험합니다.,planning;challenge;creativity
J8V7EC,NB26-064,L,나만의 워리스톤,라온마을학교,감정 카드를 살펴보고 색과 모양을 골라 마음을 담은 워리스톤을 꾸밉니다.,empathy;self_understanding;creativity
MUZERQ,NB26-065,L,앙금플라워 만들기,정내음,앙금으로 꽃 모양을 짜서 떡 위에 올리고 작은 전통 디저트를 완성합니다.,planning;challenge;creativity
2TQVP9,NB26-066,L,금박 댕기 제작,다듬잇,전통 댕기의 형태를 살펴보고 금박을 찍어 나만의 댕기 키링을 만듭니다.,thinking;creativity;judgment
RNGVDW,NB26-067,L,전통매듭 만들기,무드노트,전통매듭 묶는 법을 배우고 직접 끈을 엮어 나만의 키링을 완성합니다.,thinking;creativity;judgment
73WADE,NB26-068,L,삼색강정 만들기,방울이네,재료를 준비하고 원하는 모양을 골라 삼색강정을 만들고 포장합니다.,empathy;creativity;judgment
UXSADQ,NB26-069,L,자연소재 만다라 손수건,한국 친환경 꽃 디자인 연구소,자연소재를 고르고 마음에 드는 무늬로 손수건을 꾸며 완성합니다.,empathy;self_understanding;creativity
N4UDY4,NB26-070,L,원목 달력 만들기,느린나무협동조합,숲과 목재의 쓰임을 알아보고 직접 원목 달력을 만들어 가져갑니다.,planning;thinking;creativity
JNNW79,NB26-071,L,새활용 유리 책갈피,하늘을담다,버려진 바다유리의 모양과 꾸밈 재료를 고르고 나만의 책갈피를 만듭니다.,empathy;creativity;judgment
ZD4DJ9,NB26-072,Y,청소년 활동 처방전,유성구청소년수련관,청소년수련관의 다양한 활동과 프로그램을 살펴보며 관심 분야를 탐색합니다.,empathy;communication;self_understanding
SCWHVH,NB26-073,Y,일학습병행 알아보기,한국기술교육대학교 일학습병행 공동훈련센터,일과 배움을 함께하는 일학습병행 제도를 살펴보며 진로 선택의 폭을 알아봅니다.,planning;communication;self_understanding
5XNBFJ,NB26-074,Y,미래 비전 키링,대전광역시일시청소년쉼터(이동형),관심 있는 직업을 떠올리고 그 꿈을 담아 직접 진로 키링을 만들어봅니다.,planning;analysis;communication
YU3EDR,NB26-075,Y,법무직업 룰렛,법무부 대전솔로몬파크,직업 룰렛을 통해 법무 분야의 다양한 직업과 역할을 알아봅니다.,thinking;self_understanding;judgment
3H6EAP,NB26-076,Y,철학자와 나의 진로,협동조합 필리아,자신의 성향과 철학자의 생각을 비교하며 진로에 대한 생각을 정리해봅니다.,thinking;self_understanding;creativity
Y8CPP7,NB26-077,Y,SDGs 미래 디자인,대전지속가능발전협의회,지속가능발전목표를 알아보고 바다유리로 나만의 진로 키링을 만듭니다.,empathy;self_understanding;creativity
EXXU7D,NB26-078,Y,내일의 내 일,유성구청소년상담복지센터,미래의 직업과 내 일을 주제로 나의 관심 분야와 진로 방향을 떠올려봅니다.,planning;empathy;self_understanding
VK4PHK,NB26-079,Y,AI 향기 진로 체험,요게벳,AI로 내 향기 취향을 살펴보고 추천받은 향을 조합해 키링 향수를 만듭니다.,analysis;creativity;judgment
UERCY5,NB26-080,Y,캘리그라피 마법족자,기현공방,원하는 문구를 캘리그라피로 쓰고 채색해 나만의 마법 족자를 만듭니다.,communication;self_understanding;creativity
UJE9S6,NB26-081,Y,나만의 스탬프,숲여울협동조합,그림과 글씨를 직접 디자인하고 만들어 나만의 굿즈 스탬프를 찍어봅니다.,self_understanding;creativity;judgment
Z8QD9N,NB26-082,Y,테라리움 디자인,비바그린,작은 식물을 활용한 테라리움을 주제로 공간을 구성하는 디자인을 알아봅니다.,planning;thinking;creativity
XDDPW3,NB26-084,Y,나무반지 만들기,나무도자기,나무를 소재로 나만의 반지를 만들어보며 목공을 경험합니다.,planning;thinking;creativity
ACGFVZ,NB26-087,Y,슬랑이비누 체험,초글,비누를 주제로 제작 활동의 과정과 제품의 쓰임을 알아봅니다.,challenge;self_understanding;creativity
FZH77J,NB26-088,Y,새활용 다이어리 꾸미기,올댓아트(예술융합발전연구소),버려지는 소재를 활용해 다이어리를 꾸미며 새활용 디자인을 경험합니다.,planning;empathy;creativity
EQWRYZ,NB26-089,Y,패션디자이너 체험,국제메타미디어콘텐츠협동조합,파우치에 적용할 디자인을 선택하고 열전사 인쇄로 제품을 완성합니다.,challenge;creativity;judgment
E9GVE2,NB26-090,L,유해발굴 기록 전시,국방부유해발굴감식단,6·25전사자 유해발굴 사진과 유품을 살펴보며 발굴 기록의 의미를 알아봅니다.,empathy;analysis;thinking
7XP7S4,NB26-091,,국민체력100,대전체력인증센터(대전광역시체육회),국민체력100 사업을 살펴보며 체력 관리와 건강 측정 분야를 알아봅니다.,
36X7ZR,NB26-092,L,과학수사 경찰 체험,유성경찰서,경찰 과학수사 업무를 알아보고 직접 지문을 채취하는 체험을 해봅니다.,analysis;thinking;judgment
7JQB6G,NB26-096,,버츄얼 앵커 체험,시청자미디어재단 대전시청자미디어센터,가상 뉴스 공간에서 방송 앵커가 하는 일과 뉴스 진행을 경험해봅니다.,
